{
    "Bouldergarten" : [
        13.451549, 
        52.479354
    ],
    "Urban Apes Wedding" : [
        13.3500725,
        52.5517557
    ],
    "Urban Apes Fhain" : [
        13.4369789,
        52.5220712
    ],
    "Urban Apes Bright Site" : [
        13.365878, 
        52.481857 
    ],
    "Boulderklub" : [
        13.428653, 
        52.495136
    ],
    "Berta Block" : [
        13.410409, 
        52.563863 
    ],
    "Urban Apes Basement" : [
        13.384341, 
        52.503827
    ],
    "Südbloc" : [
        13.379625,
        52.440141
    ],
    "Ostbloc" : [
    13.488194, 
    52.491367
    ],
    "Cliffhanger" : [
        13.221067, 
        52.542111 
    ],
    "Der Kegel" : [
        13.454416,
        52.507221
    ],
    "Das Elektra" : [
        13.3851895,
        52.5420872
    ]

}