{
    "Berlin": [
        52.5173885,
        13.3951309
    ],
    "Lübeck": [
        53.866444,
        10.684738
    ],
    "Karlsruhe": [
        49.0068705,
        8.4034195
    ],
    "Heidelberg": [
        49.4093582,
        8.694724
    ],
    "Münster": [
        51.9625101,
        7.6251879
    ],
    "Mainz": [
        49.9995205,
        8.2736253
    ],
    "Magdeburg": [
        52.1314783,
        11.6400789
    ],
    "Dresden": [
        51.0493286,
        13.7381437
    ],
    "Osnabrück": [
        52.2719595,
        8.047635
    ],
    "Dortmund": [
        51.5142273,
        7.4652789
    ],
    "Bremen": [
        53.0758196,
        8.8071646
    ],
    "Erfurt": [
        50.9777974,
        11.0287364
    ],
    "Nuremberg": [
        49.453872,
        11.077298
    ],
    "Hanover": [
        52.3744779,
        9.7385532
    ],
    "Cologne": [
        50.938361,
        6.959974
    ],
    "Bochum": [
        51.4818111,
        7.2196635
    ],
    "Augsburg": [
        48.3690341,
        10.8979522
    ],
    "Rostock": [
        54.0886707,
        12.1400211
    ],
    "Essen": [
        51.4582235,
        7.0158171
    ],
    "Paderborn": [
        51.7177044,
        8.752653
    ],
    "Potsdam": [
        52.4009309,
        13.0591397
    ],
    "Oldenburg": [
        53.1389753,
        8.2146017
    ],
    "Chemnitz": [
        50.8323531,
        12.918914
    ],
    "Regensburg": [
        49.0195333,
        12.0974869
    ],
    "Leipzig": [
        51.3406321,
        12.3747329
    ],
    "Koblenz": [
        50.3533278,
        7.5943951
    ],
    "Hamburg": [
        53.550341,
        10.000654
    ],
    "Ulm": [
        48.3984968,
        9.9912458
    ],
    "Düsseldorf": [
        51.2254018,
        6.7763137
    ],
    "Kiel": [
        54.3227085,
        10.135555
    ],
    "Saarbrücken": [
        49.234362,
        6.996379
    ],
    "Halle (Saale)": [
        51.4824354,
        11.9712985
    ],
    "Mannheim": [
        49.4892913,
        8.4673098
    ],
    "Kassel": [
        51.3157833,
        9.4978479
    ],
    "Bonn": [
        50.7352621,
        7.1024635
    ],
    "Braunschweig": [
        52.2646577,
        10.5236066
    ],
    "Freiburg im Breisgau": [
        47.9960901,
        7.8494005
    ],
    "Wuppertal": [
        51.264018,
        7.1780374
    ],
    "Trier": [
        49.7596208,
        6.6441878
    ],
    "Frankfurt am Main": [
        50.1106444,
        8.6820917
    ],
    "Duisburg": [
        51.434999,
        6.759562
    ],
    "Bielefeld": [
        52.0191005,
        8.531007
    ],
    "Munich": [
        48.1371079,
        11.5753822
    ],
    "Stuttgart": [
        48.7784485,
        9.1800132
    ],
    "Wiesbaden": [
        50.0820384,
        8.2416556
    ]
}